{"weights":[0.00012501015574205838,0.00012501015574205838,0.00012501015574205838,0.00012501015574205838,0.00012501015574205838,0.00012501015574205838],"bias":0}